timestamp,open,high,low,close,volume,close_time,quote_asset_volume,number_of_trades,taker_buy_base_asset_volume,taker_buy_quote_asset_volume,ignore
2024-11-26 03:00:00,94587.99000000,94700.12000000,94234.59000000,94464.00000000,1036.34148000,1732593599999,97931446.67300770,158268,468.65865000,44284228.98592150,0
2024-11-26 04:00:00,94464.00000000,94536.79000000,94048.49000000,94309.52000000,1033.57893000,1732597199999,97506088.50538060,179449,501.76154000,47337535.78055730,0
2024-11-26 05:00:00,94309.52000000,94676.00000000,94188.23000000,94647.96000000,938.12181000,1732600799999,88615226.03052080,163308,410.90790000,38806804.09024660,0
2024-11-26 06:00:00,94647.96000000,94973.37000000,94450.00000000,94495.96000000,864.96111000,1732604399999,81929199.68697690,204243,401.26296000,38011655.42730100,0
2024-11-26 07:00:00,94495.96000000,94510.48000000,93500.08000000,93785.71000000,1885.36431000,1732607999999,177004471.25707620,444689,919.91085000,86339070.96058490,0
2024-11-26 08:00:00,93785.72000000,93785.72000000,92326.31000000,93142.85000000,4451.53471000,1732611599999,413152946.81472410,566789,2242.99983000,208153595.73578400,0
2024-11-26 09:00:00,93142.85000000,93732.00000000,93064.00000000,93519.62000000,2198.13475000,1732615199999,205331899.46856060,473122,1163.26456000,108647210.07761100,0
2024-11-26 10:00:00,93519.61000000,93750.00000000,92272.72000000,92327.99000000,2566.71282000,1732618799999,238396151.93575700,560122,1249.51643000,116032388.98930280,0
2024-11-26 11:00:00,92327.99000000,92686.44000000,91466.52000000,92356.85000000,4376.55360000,1732622399999,402678203.65668040,826217,2153.17368000,198167520.63566660,0
2024-11-26 12:00:00,92356.84000000,92670.00000000,91784.86000000,92164.21000000,3215.96285000,1732625999999,296514749.79316070,609826,1593.41735000,146903296.31121120,0
2024-11-26 13:00:00,92164.21000000,92920.00000000,91914.61000000,92168.84000000,2731.84235000,1732629599999,252496154.89710650,485462,1506.28877000,139203929.59774090,0
2024-11-26 14:00:00,92168.84000000,93546.20000000,91739.70000000,93274.15000000,4131.32937000,1732633199999,382634041.72736330,670185,2212.71700000,204918614.26934250,0
2024-11-26 15:00:00,93274.14000000,93559.00000000,92316.71000000,92813.00000000,3099.99558000,1732636799999,288569698.60731820,645334,1531.25303000,142530166.13324420,0
2024-11-26 16:00:00,92812.99000000,94685.60000000,92692.00000000,94029.43000000,3367.10928000,1732640399999,316469131.10122900,507188,1788.04858000,168013493.90559570,0
2024-11-26 17:00:00,94029.42000000,94044.00000000,93425.16000000,93547.99000000,1825.51046000,1732643999999,171062874.26103790,363028,794.50762000,74453267.14867120,0
2024-11-26 18:00:00,93547.99000000,93632.00000000,92000.00000000,92119.99000000,2396.58272000,1732647599999,221905827.13298650,525186,1089.51214000,100876521.00855820,0
2024-11-26 19:00:00,92120.00000000,92670.28000000,91554.11000000,91683.89000000,3039.36680000,1732651199999,279661504.74318180,510678,1547.69692000,142409598.98837350,0
2024-11-26 20:00:00,91683.90000000,92040.00000000,90791.10000000,91036.01000000,4496.09161000,1732654799999,410861498.50754580,649328,2155.47501000,196975803.20756070,0
2024-11-26 21:00:00,91036.00000000,91919.83000000,90850.45000000,91700.08000000,1927.03485000,1732658399999,176191681.53603950,391907,1097.37669000,100346884.00669460,0
2024-11-26 22:00:00,91700.09000000,92364.00000000,91543.86000000,91811.14000000,1753.92386000,1732661999999,161445463.29541470,244575,992.71809000,91357770.49648970,0
2024-11-26 23:00:00,91811.14000000,92068.00000000,91588.00000000,91965.16000000,1313.35950000,1732665599999,120633041.55540520,204202,675.11566000,62012329.26151080,0
2024-11-27 00:00:00,91965.16000000,92428.58000000,91792.14000000,91939.33000000,1258.85709000,1732669199999,115959026.31097760,260031,634.40826000,58440634.72236270,0
2024-11-27 01:00:00,91939.33000000,92813.92000000,91824.34000000,92753.86000000,1552.30509000,1732672799999,143435588.11851610,278180,841.04227000,77724363.05480680,0
2024-11-27 02:00:00,92753.86000000,93037.38000000,92304.80000000,92943.34000000,1337.36368000,1732676399999,124053707.53122440,250574,610.23710000,56608711.47422880,0
2024-11-27 03:00:00,92943.34000000,92946.10000000,92521.73000000,92588.00000000,1407.05432000,1732679999999,130511550.89465020,208049,613.16012000,56872381.73867590,0
2024-11-27 04:00:00,92588.00000000,93211.20000000,92500.00000000,92568.00000000,1553.55520000,1732683599999,144232716.56038030,203290,693.77581000,64436143.41860310,0
2024-11-27 05:00:00,92568.00000000,92815.23000000,92361.66000000,92768.01000000,886.15723000,1732687199999,82082925.39100520,148553,394.87625000,36579427.08913730,0
2024-11-27 06:00:00,92768.01000000,93393.19000000,92768.01000000,93068.16000000,1418.27916000,1732690799999,132098373.26746980,180847,676.82219000,63036917.58874550,0
2024-11-27 07:00:00,93068.15000000,93648.00000000,93024.00000000,93597.16000000,982.28053000,1732694399999,91749832.16011720,157950,497.50167000,46472117.05795050,0
2024-11-27 08:00:00,93597.16000000,93609.93000000,93236.01000000,93433.21000000,1196.09475000,1732697999999,111731088.88135810,141301,695.58768000,64973707.12122170,0
2024-11-27 09:00:00,93433.20000000,93492.98000000,93109.12000000,93403.50000000,849.82941000,1732701599999,79272694.91944320,188700,447.10144000,41708179.47957320,0
2024-11-27 10:00:00,93403.49000000,93885.60000000,93353.82000000,93821.35000000,1020.37533000,1732705199999,95563881.43222400,210265,517.50101000,48471221.61919370,0
2024-11-27 11:00:00,93821.35000000,93823.34000000,93316.87000000,93367.99000000,927.71240000,1732708799999,86764494.59363780,207140,436.82555000,40854913.76052370,0
2024-11-27 12:00:00,93367.99000000,93500.00000000,92847.84000000,93499.99000000,1362.34844000,1732712399999,126917747.52543950,250007,651.01723000,60657306.66295900,0
2024-11-27 13:00:00,93499.99000000,94264.00000000,93416.00000000,94264.00000000,1732.88941000,1732715999999,162511581.83498980,309505,924.56467000,86728019.02477970,0
2024-11-27 14:00:00,94264.00000000,94885.00000000,94106.74000000,94833.41000000,2687.68780000,1732719599999,253984892.38955610,459927,1403.46287000,132642634.22246940,0
2024-11-27 15:00:00,94833.42000000,95850.00000000,94316.00000000,95556.01000000,4085.67328000,1732723199999,388698360.74593780,610184,2271.65683000,216176280.42063140,0
2024-11-27 16:00:00,95556.00000000,96333.10000000,95184.79000000,95689.19000000,3735.98049000,1732726799999,357926238.25429160,611204,1731.48414000,165935069.37587400,0
2024-11-27 17:00:00,95689.18000000,96300.00000000,95300.90000000,96247.24000000,2172.15499000,1732730399999,208248992.04098050,372712,953.20994000,91393025.43878050,0
2024-11-27 18:00:00,96247.24000000,96539.33000000,96004.00000000,96119.51000000,2183.10482000,1732733999999,210121580.62190420,369767,875.23602000,84244616.84202840,0
2024-11-27 19:00:00,96119.51000000,96631.68000000,95893.13000000,96627.99000000,1434.64526000,1732737599999,138143960.95458740,313939,667.18481000,64248465.30220590,0
2024-11-27 20:00:00,96627.99000000,97208.21000000,96312.01000000,96482.75000000,2769.17906000,1732741199999,268094054.99490830,399359,1514.97264000,146680474.86509290,0
2024-11-27 21:00:00,96482.96000000,96595.00000000,96052.39000000,96267.86000000,1587.26456000,1732744799999,152850974.53416080,203525,742.24604000,71470727.18203320,0
2024-11-27 22:00:00,96267.87000000,96520.00000000,96035.00000000,96047.47000000,1228.85624000,1732748399999,118289739.81569410,132920,584.44841000,56262750.31983190,0
2024-11-27 23:00:00,96047.47000000,96183.01000000,95731.72000000,95863.11000000,1783.77880000,1732751999999,171114507.84411110,180761,938.25950000,90002549.52590950,0
2024-11-28 00:00:00,95863.11000000,96564.00000000,95722.22000000,96552.01000000,1430.37340000,1732755599999,137398308.10100850,226507,715.70911000,68759218.34483160,0
2024-11-28 01:00:00,96552.00000000,96552.52000000,96084.00000000,96273.95000000,1230.16331000,1732759199999,118386550.15020550,186255,572.16242000,55062146.82637360,0
2024-11-28 02:00:00,96273.94000000,96439.69000000,95624.01000000,95699.79000000,1574.70118000,1732762799999,151409573.31769020,173166,680.94048000,65491191.90230310,0
2024-11-28 03:00:00,95699.79000000,95789.33000000,94822.54000000,95471.43000000,2040.46488000,1732766399999,194445083.44583220,291902,974.34458000,92839423.14308940,0
2024-11-28 04:00:00,95471.44000000,95840.65000000,95338.08000000,95742.72000000,1348.18004000,1732769999999,128937748.88400030,162099,729.10314000,69736575.57601110,0
2024-11-28 05:00:00,95742.73000000,95922.39000000,95350.22000000,95443.43000000,1214.96792000,1732773599999,116167936.41332990,125169,630.71325000,60313112.85238130,0
2024-11-28 06:00:00,95443.44000000,95692.00000000,95063.15000000,95479.07000000,1427.20010000,1732777199999,136126475.07182150,151439,739.98426000,70582827.04987430,0
2024-11-28 07:00:00,95479.07000000,95757.08000000,95218.01000000,95299.66000000,1024.65086000,1732780799999,97923634.85912090,148230,499.17615000,47715211.08418710,0
2024-11-28 08:00:00,95299.66000000,95615.45000000,95090.00000000,95456.01000000,929.59955000,1732784399999,88648176.64422670,151378,485.42737000,46297284.23454710,0
2024-11-28 09:00:00,95456.02000000,95507.62000000,94940.10000000,94976.00000000,872.54696000,1732787999999,83074450.04098010,132683,342.81245000,32640358.88663250,0
2024-11-28 10:00:00,94976.00000000,95149.61000000,94640.00000000,94958.74000000,1675.94679000,1732791599999,159045616.85519250,227374,766.09251000,72694803.96412660,0
2024-11-28 11:00:00,94958.74000000,95780.00000000,94760.84000000,95452.01000000,1273.93260000,1732795199999,121321808.82943410,261315,668.61978000,63686055.45517340,0
2024-11-28 12:00:00,95452.00000000,95688.68000000,95204.00000000,95484.01000000,928.57105000,1732798799999,88617954.17160860,225820,433.96751000,41425606.96948430,0
2024-11-28 13:00:00,95484.01000000,95777.76000000,95025.13000000,95711.25000000,1160.45403000,1732802399999,110660795.02636100,325394,619.52247000,59090962.11590840,0
2024-11-28 14:00:00,95711.24000000,96221.80000000,95359.18000000,95376.04000000,1807.71904000,1732805999999,173066156.70075060,460994,906.75287000,86830772.09592980,0
2024-11-28 15:00:00,95376.03000000,95508.94000000,94900.00000000,95007.14000000,1651.54390000,1732809599999,157228525.72060650,402777,809.67956000,77086083.68143640,0
2024-11-28 16:00:00,95007.15000000,95308.00000000,94817.00000000,94972.00000000,1029.97590000,1732813199999,97946779.00795310,284580,483.82186000,46009581.19796280,0
2024-11-28 17:00:00,94972.00000000,95240.00000000,94821.77000000,94864.31000000,1122.59940000,1732816799999,106705912.61350370,208544,762.41778000,72471651.65674830,0
2024-11-28 18:00:00,94864.32000000,95329.58000000,94854.16000000,95290.21000000,811.99521000,1732820399999,77247076.80269340,149334,512.21319000,48726899.31305100,0
2024-11-28 19:00:00,95290.21000000,95435.68000000,95024.00000000,95119.48000000,714.25570000,1732823999999,67978063.51753570,129754,330.42063000,31456962.87734520,0
2024-11-28 20:00:00,95119.48000000,95131.53000000,94698.00000000,94820.01000000,810.83116000,1732827599999,76905821.22637030,120740,487.13996000,46198253.57744080,0
2024-11-28 21:00:00,94820.00000000,95164.00000000,94809.52000000,95099.99000000,1023.53283000,1732831199999,97259481.32730520,129308,578.77879000,55008092.95101220,0
2024-11-28 22:00:00,95100.00000000,95651.82000000,95008.22000000,95651.79000000,907.44782000,1732834799999,86495778.81751940,144467,624.23578000,59488780.61597320,0
2024-11-28 23:00:00,95651.78000000,96023.48000000,95530.24000000,95643.98000000,802.88994000,1732838399999,76863883.71455990,168932,451.65731000,43239984.70337120,0
2024-11-29 00:00:00,95643.99000000,95825.40000000,95364.99000000,95476.01000000,643.65307000,1732841999999,61534054.19656400,164468,321.37433000,30726635.20213200,0
2024-11-29 01:00:00,95476.00000000,95970.56000000,95407.20000000,95920.00000000,542.26396000,1732845599999,51875616.29679500,152723,287.98853000,27552797.25386240,0
2024-11-29 02:00:00,95920.01000000,96859.00000000,95903.93000000,96739.98000000,1265.34857000,1732849199999,122071261.49985100,221966,754.30899000,72762270.53949370,0
2024-11-29 03:00:00,96739.99000000,96812.24000000,96436.51000000,96590.36000000,757.51091000,1732852799999,73191849.96047610,134172,303.72758000,29345370.05023500,0
2024-11-29 04:00:00,96590.35000000,96630.09000000,96236.99000000,96263.83000000,589.10252000,1732856399999,56787218.28541550,88708,252.99901000,24383275.34858730,0
2024-11-29 05:00:00,96263.84000000,96540.71000000,96153.85000000,96153.86000000,515.37368000,1732859999999,49662402.22018520,79394,217.80245000,20988608.67306120,0
2024-11-29 06:00:00,96153.86000000,96358.00000000,95997.85000000,96266.19000000,626.08590000,1732863599999,60213173.95557190,130124,307.28807000,29554554.18640980,0
2024-11-29 07:00:00,96266.18000000,96416.34000000,95600.03000000,95625.05000000,1186.42089000,1732867199999,113806150.38368360,152154,474.90269000,45564181.64188930,0
2024-11-29 08:00:00,95625.05000000,95998.76000000,95616.00000000,95979.99000000,751.73481000,1732870799999,72034539.86866650,121033,431.13188000,41311136.08429810,0
2024-11-29 09:00:00,95980.00000000,96482.61000000,95870.71000000,96355.39000000,851.51172000,1732874399999,81929417.75833070,136195,476.06487000,45812933.28804050,0
2024-11-29 10:00:00,96355.39000000,96849.00000000,96293.61000000,96844.01000000,1116.53171000,1732877999999,107889528.22806130,197397,657.66842000,63547360.34023380,0
2024-11-29 11:00:00,96844.00000000,97358.21000000,96548.00000000,97237.91000000,1444.65653000,1732881599999,140105296.89843150,231360,893.94795000,86707702.42731640,0
2024-11-29 12:00:00,97237.91000000,97500.00000000,96876.82000000,96929.07000000,1711.23986000,1732885199999,166431918.67981190,276360,926.14597000,90111068.32773940,0
2024-11-29 13:00:00,96929.07000000,97259.27000000,96768.00000000,97223.36000000,733.98329000,1732888799999,71168090.93277940,211604,371.25070000,36002419.53570650,0
2024-11-29 14:00:00,97223.35000000,98052.00000000,96916.66000000,98002.01000000,2591.48375000,1732892399999,252877820.49912300,419225,1299.96306000,126890704.87978250,0
2024-11-29 15:00:00,98002.01000000,98619.99000000,97685.46000000,98019.47000000,3820.86943000,1732895999999,375263002.78946460,526436,1902.47851000,186875533.56059340,0
2024-11-29 16:00:00,98019.46000000,98440.00000000,97700.00000000,97779.99000000,1997.13465000,1732899599999,195825628.98326810,344219,907.39671000,88980827.06044190,0
2024-11-29 17:00:00,97779.99000000,97810.00000000,96952.00000000,96968.29000000,2113.02564000,1732903199999,205579620.33974810,388111,799.08766000,77725293.33421210,0
2024-11-29 18:00:00,96968.28000000,97359.36000000,96853.82000000,97175.99000000,998.21089000,1732906799999,96982507.09444500,403856,514.27737000,49967998.94883040,0
2024-11-29 19:00:00,97175.99000000,97481.77000000,96879.53000000,97329.73000000,884.98604000,1732910399999,86017112.77878880,177994,420.79128000,40907981.35874290,0
2024-11-29 20:00:00,97329.73000000,97624.62000000,97200.00000000,97307.98000000,724.47274000,1732913999999,70556000.80393110,133883,394.09823000,38380703.60686570,0
2024-11-29 21:00:00,97307.98000000,97428.00000000,96981.01000000,97386.07000000,502.29134000,1732917599999,48844798.98796560,131637,236.23578000,22972525.09837690,0
2024-11-29 22:00:00,97386.07000000,97477.01000000,97232.00000000,97292.69000000,438.30227000,1732921199999,42673389.05095110,89358,204.75252000,19933415.85397550,0
2024-11-29 23:00:00,97292.69000000,97486.27000000,97111.47000000,97460.00000000,895.58814000,1732924799999,87130630.14197840,181693,484.52916000,47143488.66281590,0
2024-11-30 00:00:00,97460.00000000,97463.95000000,96946.06000000,96968.06000000,713.95220000,1732928399999,69376200.33387960,195761,258.31381000,25098966.02366660,0
2024-11-30 01:00:00,96968.06000000,96968.07000000,96425.21000000,96425.22000000,972.92368000,1732931999999,94072963.86872640,229534,370.11665000,35789066.65213080,0
2024-11-30 02:00:00,96425.22000000,96703.68000000,96309.85000000,96609.21000000,724.10767000,1732935599999,69887743.84526330,163311,386.03066000,37257195.08151330,0
2024-11-30 03:00:00,96609.20000000,96708.44000000,96394.56000000,96640.02000000,641.59085000,1732939199999,61957741.20994030,130686,321.68222000,31069086.03781870,0
2024-11-30 04:00:00,96640.02000000,96730.66000000,96532.70000000,96680.18000000,376.40360000,1732942799999,36380926.56529200,90955,195.83961000,18928897.74116180,0
2024-11-30 05:00:00,96680.18000000,97183.51000000,96680.17000000,97102.32000000,636.49230000,1732946399999,61651141.24554960,102932,376.20048000,36441438.06517910,0
2024-11-30 06:00:00,97102.33000000,97234.02000000,96602.00000000,96639.66000000,1571.94959000,1732949999999,152348833.95404640,240454,673.66297000,65289953.40519360,0
2024-11-30 07:00:00,96639.67000000,96920.00000000,96550.25000000,96783.38000000,812.54565000,1732953599999,78630386.55250390,131794,438.65890000,42450470.58362650,0
2024-11-30 08:00:00,96783.38000000,96968.78000000,96699.97000000,96953.49000000,571.60043000,1732957199999,55364822.55989130,104229,316.78433000,30685062.96511220,0
2024-11-30 09:00:00,96953.48000000,96953.49000000,96617.05000000,96779.98000000,509.04419000,1732960799999,49243096.90181830,112243,296.65546000,28696380.58188900,0
2024-11-30 10:00:00,96779.98000000,96802.79000000,96121.00000000,96137.48000000,837.68484000,1732964399999,80783112.73162820,290896,348.39535000,33596378.41724290,0
2024-11-30 11:00:00,96137.48000000,96444.00000000,96092.01000000,96267.99000000,527.28592000,1732967999999,50776005.82778590,129129,212.04738000,20417039.91718170,0
2024-11-30 12:00:00,96267.99000000,96563.98000000,96242.14000000,96553.23000000,419.01373000,1732971599999,40422250.34648310,117295,240.63305000,23213738.06255410,0
2024-11-30 13:00:00,96553.23000000,96682.54000000,96404.00000000,96405.34000000,617.96870000,1732975199999,59687686.72665840,132146,369.07428000,35653200.16413390,0
2024-11-30 14:00:00,96405.34000000,96720.00000000,96308.00000000,96462.64000000,561.32076000,1732978799999,54192352.60712110,154441,267.41245000,25819083.45270190,0
2024-11-30 15:00:00,96462.65000000,96732.15000000,96403.20000000,96645.41000000,462.12069000,1732982399999,44650890.84053980,239271,224.74346000,21714640.21998540,0
2024-11-30 16:00:00,96645.42000000,96960.00000000,96531.35000000,96871.31000000,724.01283000,1732985999999,69982664.40527100,197242,439.86031000,42516089.22039640,0
2024-11-30 17:00:00,96871.31000000,96964.00000000,96777.77000000,96780.38000000,414.54363000,1732989599999,40158027.17839580,93224,192.43690000,18643804.32920980,0
2024-11-30 18:00:00,96780.38000000,97010.00000000,96764.50000000,96966.37000000,364.99285000,1732993199999,35364781.80607190,93416,205.60208000,19923554.05459270,0
2024-11-30 19:00:00,96966.37000000,97062.50000000,96876.51000000,97019.68000000,319.04171000,1732996799999,30934793.03094090,67900,132.46352000,12844787.86492950,0
2024-11-30 20:00:00,97019.69000000,97040.00000000,96824.78000000,96967.99000000,363.64404000,1733000399999,35251906.34632230,58584,108.83261000,10550705.25990460,0
2024-11-30 21:00:00,96967.99000000,96977.69000000,96772.35000000,96792.02000000,307.83913000,1733003999999,29814536.88287000,71793,159.29476000,15428365.77610560,0
2024-11-30 22:00:00,96792.03000000,96831.84000000,96344.00000000,96466.11000000,643.55467000,1733007599999,62185814.53897380,95899,326.85207000,31590277.59934910,0
2024-11-30 23:00:00,96466.11000000,96592.00000000,96320.99000000,96407.99000000,410.19940000,1733011199999,39554270.39384750,111624,214.32172000,20666623.54786520,0
2024-12-01 00:00:00,96407.99000000,96672.49000000,96260.00000000,96340.60000000,532.95388000,1733014799999,51410648.79613400,154693,246.27919000,23756467.10209110,0
2024-12-01 01:00:00,96340.61000000,96516.00000000,96044.21000000,96106.62000000,756.83521000,1733018399999,72903934.16272580,171501,273.29283000,26324707.72179420,0
2024-12-01 02:00:00,96106.62000000,96518.88000000,95693.88000000,95776.22000000,1892.57481000,1733021999999,181924955.15246880,299382,846.69151000,81416187.59527970,0
2024-12-01 03:00:00,95776.22000000,96441.72000000,95770.03000000,96336.75000000,439.67101000,1733025599999,42280948.27671720,134345,241.78429000,23248405.73983420,0
2024-12-01 04:00:00,96336.76000000,96515.52000000,96195.99000000,96515.52000000,425.10396000,1733029199999,40949246.56874050,96234,266.74539000,25696955.87228780,0
2024-12-01 05:00:00,96515.51000000,96515.51000000,96284.51000000,96308.83000000,342.77205000,1733032799999,33051773.10047830,104284,113.13367000,10909072.68847790,0
2024-12-01 06:00:00,96308.82000000,96483.98000000,96284.52000000,96327.66000000,284.94834000,1733036399999,27468408.23304250,65621,128.24562000,12363314.08115200,0
2024-12-01 07:00:00,96327.65000000,96490.62000000,96299.10000000,96472.97000000,232.07707000,1733039999999,22373320.97841380,67765,111.13600000,10713801.10326740,0
2024-12-01 08:00:00,96472.97000000,97179.04000000,96424.99000000,97048.01000000,1566.85489000,1733043599999,151897152.73261820,240066,819.54099000,79429890.79157940,0
2024-12-01 09:00:00,97048.00000000,97098.53000000,96853.82000000,97030.15000000,447.52809000,1733047199999,43383082.92988220,92024,199.98495000,19386922.94696400,0
2024-12-01 10:00:00,97030.15000000,97036.00000000,96535.87000000,96811.99000000,372.85396000,1733050799999,36088601.95015390,89368,142.03576000,13744751.33806030,0
2024-12-01 11:00:00,96811.99000000,97140.00000000,96811.99000000,97108.89000000,416.13015000,1733054399999,40366674.99249260,89293,232.22275000,22525014.47282660,0
2024-12-01 12:00:00,97108.89000000,97130.56000000,96774.48000000,96774.49000000,619.39670000,1733057999999,60068114.71903430,125144,239.91096000,23261896.94709940,0
2024-12-01 13:00:00,96774.48000000,97388.78000000,96660.88000000,97071.93000000,1269.18144000,1733061599999,123193064.80912730,200987,667.47160000,64826792.45083430,0
2024-12-01 14:00:00,97071.93000000,97332.88000000,96968.25000000,97289.78000000,723.39318000,1733065199999,70284321.59006360,181254,341.10705000,33142564.93301600,0
2024-12-01 15:00:00,97289.77000000,97311.95000000,96960.51000000,97028.02000000,648.10982000,1733068799999,62957093.25821540,225872,249.81008000,24268205.91270310,0
2024-12-01 16:00:00,97028.02000000,97333.00000000,97000.00000000,97187.98000000,1175.84041000,1733072399999,114278933.30750830,144044,695.55339000,67584472.28804770,0
2024-12-01 17:00:00,97187.98000000,97299.98000000,97035.02000000,97299.97000000,499.07351000,1733075999999,48484898.84613060,105189,233.47243000,22679158.41440250,0
2024-12-01 18:00:00,97299.97000000,97523.41000000,97095.23000000,97118.69000000,690.43406000,1733079599999,67225357.41032070,103684,374.78991000,36499943.60253960,0
2024-12-01 19:00:00,97118.69000000,97306.59000000,96958.48000000,97178.73000000,602.77541000,1733083199999,58542737.37294570,121658,287.68674000,27941801.43433850,0
2024-12-01 20:00:00,97178.73000000,97200.00000000,96800.01000000,97099.99000000,608.28813000,1733086799999,58975216.26976150,135584,243.31139000,23594996.63213920,0
2024-12-01 21:00:00,97099.99000000,97780.00000000,97052.16000000,97767.62000000,672.45318000,1733090399999,65529069.05009580,106500,399.15499000,38898126.23418910,0
2024-12-01 22:00:00,97767.61000000,97836.00000000,97384.00000000,97562.56000000,769.64210000,1733093999999,75083886.48131940,104781,321.89357000,31406725.39391270,0
2024-12-01 23:00:00,97562.56000000,97771.04000000,97170.50000000,97185.18000000,949.71316000,1733097599999,92606185.61783020,182927,439.64063000,42868864.49680110,0
2024-12-02 00:00:00,97185.17000000,97613.08000000,97068.84000000,97436.75000000,1101.06797000,1733101199999,107157635.93181810,330525,591.12355000,57531326.77650360,0
2024-12-02 01:00:00,97436.75000000,98130.00000000,97405.26000000,97964.93000000,1944.92206000,1733104799999,190207313.03015390,299619,1204.59749000,117806925.42931440,0
2024-12-02 02:00:00,97964.93000000,98050.00000000,97445.87000000,97644.76000000,911.50431000,1733108399999,89020675.21659680,215414,368.03609000,35944652.24655720,0
2024-12-02 03:00:00,97644.75000000,97662.60000000,96350.00000000,96483.75000000,1435.45466000,1733111999999,139365982.97900510,292057,529.64603000,51412547.56447960,0
2024-12-02 04:00:00,96483.75000000,96841.27000000,96077.00000000,96708.00000000,2113.72725000,1733115599999,203819731.70533570,425879,1166.31597000,112471056.53548070,0
2024-12-02 05:00:00,96708.00000000,96924.00000000,96349.01000000,96359.99000000,704.32952000,1733119199999,68087069.49552660,192573,288.56226000,27894536.82165490,0
2024-12-02 06:00:00,96359.99000000,96434.02000000,96141.43000000,96279.99000000,774.11264000,1733122799999,74515662.65972230,176051,347.53154000,33454321.27984750,0
2024-12-02 07:00:00,96279.99000000,96465.38000000,95749.97000000,95999.99000000,1786.28249000,1733126399999,171482587.17706730,244182,838.60803000,80505343.51503080,0
2024-12-02 08:00:00,95999.99000000,96112.00000000,94872.00000000,95053.66000000,2561.69785000,1733129999999,244023658.63830680,488010,1096.91536000,104456278.91899270,0
2024-12-02 09:00:00,95053.66000000,95546.21000000,94967.32000000,95493.18000000,1323.54796000,1733133599999,126068786.41625900,355109,793.50067000,75585138.49628420,0
2024-12-02 10:00:00,95492.81000000,95496.75000000,94820.41000000,94972.01000000,1297.52641000,1733137199999,123362050.26067960,362957,607.59833000,57769035.68947950,0
2024-12-02 11:00:00,94972.01000000,95332.80000000,94868.33000000,95128.68000000,1117.08285000,1733140799999,106262751.32141900,274645,586.07613000,55753964.12769890,0
2024-12-02 12:00:00,95128.67000000,95407.64000000,94766.00000000,94972.02000000,1125.17789000,1733144399999,107016382.71425180,204649,516.57476000,49140315.26316640,0
2024-12-02 13:00:00,94972.03000000,95822.61000000,94837.77000000,95679.99000000,1636.29258000,1733147999999,156317361.39437110,343290,829.93764000,79279043.62409240,0
2024-12-02 14:00:00,95679.99000000,96814.73000000,95501.00000000,96321.27000000,2094.23553000,1733151599999,201511905.03115760,408208,1052.18495000,101228973.31731860,0
2024-12-02 15:00:00,96321.27000000,97214.77000000,95701.53000000,97048.00000000,3441.97446000,1733155199999,332889122.31541740,529167,1789.20836000,173127806.34312550,0
2024-12-02 16:00:00,97048.01000000,97356.69000000,96000.00000000,96167.46000000,2585.99366000,1733158799999,250051000.65250890,484767,1158.77226000,112063332.27043010,0
2024-12-02 17:00:00,96167.45000000,96573.00000000,94395.00000000,94604.03000000,3311.66979000,1733162399999,316154122.61617740,584493,1437.76800000,137321558.13628150,0
2024-12-02 18:00:00,94604.03000000,95839.44000000,94488.00000000,95646.14000000,1728.47693000,1733165999999,164758178.41137260,353727,913.22837000,87039976.39138410,0
2024-12-02 19:00:00,95646.13000000,95856.40000000,95157.12000000,95816.00000000,1170.85264000,1733169599999,111812938.73052880,241518,579.24804000,55324588.94679550,0
2024-12-02 20:00:00,95816.01000000,96327.87000000,95451.33000000,95666.66000000,1146.95152000,1733173199999,110031986.66119830,241865,538.05199000,51612214.84453170,0
2024-12-02 21:00:00,95666.66000000,95754.64000000,95345.05000000,95406.88000000,775.05733000,1733176799999,74048934.26086540,235268,381.39681000,36438501.86557690,0
2024-12-02 22:00:00,95406.88000000,95529.34000000,95112.01000000,95372.00000000,824.11254000,1733180399999,78586369.13924850,147393,485.55313000,46301508.82125630,0
2024-12-02 23:00:00,95372.00000000,95869.28000000,95328.00000000,95840.62000000,1046.61897000,1733183999999,100087414.97859980,128737,721.49751000,68995608.66530110,0
2024-12-03 00:00:00,95840.61000000,96105.26000000,95680.00000000,95804.03000000,1319.66771000,1733187599999,126545694.47488220,185403,754.69370000,72371970.91179270,0
2024-12-03 01:00:00,95804.04000000,95920.64000000,95454.54000000,95524.08000000,758.47935000,1733191199999,72557510.56748280,159258,321.84315000,30787042.53603560,0
2024-12-03 02:00:00,95524.08000000,96305.52000000,95400.00000000,96035.49000000,1027.42213000,1733194799999,98535745.41817810,141327,505.41444000,48466741.74927880,0
2024-12-03 03:00:00,96035.48000000,96210.42000000,95916.02000000,96079.36000000,565.82005000,1733198399999,54358176.15279120,88682,295.32600000,28370294.14473950,0
2024-12-03 04:00:00,96079.36000000,96220.00000000,95900.00000000,95920.64000000,580.79822000,1733201999999,55794173.46362350,92214,241.09000000,23159062.87715320,0
2024-12-03 05:00:00,95920.64000000,96168.00000000,95848.36000000,96155.18000000,572.94235000,1733205599999,55014852.29975280,74677,272.18692000,26139358.99839110,0
2024-12-03 06:00:00,96155.17000000,96238.10000000,95522.44000000,95632.22000000,1057.77004000,1733209199999,101502271.40403800,152659,403.17324000,38676862.09813430,0
2024-12-03 07:00:00,95632.22000000,95721.95000000,95277.35000000,95550.00000000,1298.94713000,1733212799999,124058226.17476870,281673,536.83187000,51273041.77669500,0
2024-12-03 08:00:00,95550.00000000,95662.94000000,95305.95000000,95528.00000000,816.04704000,1733216399999,77916306.09398940,125077,355.15754000,33913488.58864650,0
2024-12-03 09:00:00,95528.00000000,95539.69000000,95158.00000000,95256.01000000,767.73327000,1733219999999,73143750.90824730,109904,313.76341000,29892440.88065450,0
2024-12-03 10:00:00,95256.00000000,95482.63000000,94641.93000000,94697.90000000,1328.43580000,1733223599999,126297104.59336460,160733,547.36499000,52031123.62814850,0
2024-12-03 11:00:00,94697.90000000,95033.99000000,94595.38000000,94988.01000000,1144.27280000,1733227199999,108491002.71266940,234822,633.49734000,60063771.20142580,0
2024-12-03 12:00:00,94988.00000000,95005.67000000,94679.51000000,94813.58000000,959.39741000,1733230799999,90995921.14276780,186972,453.02965000,42969178.31352280,0
2024-12-03 13:00:00,94813.59000000,94871.23000000,93670.00000000,93715.98000000,3416.93540000,1733234399999,322128078.52200090,426040,1480.22512000,139530267.85036060,0
2024-12-03 14:00:00,93715.98000000,95448.97000000,93578.17000000,95235.25000000,5054.59198000,1733237999999,476772710.75259730,621474,2738.77928000,258354559.56636890,0
2024-12-03 15:00:00,95235.25000000,96250.00000000,95100.36000000,95682.54000000,4112.15370000,1733241599999,393837213.68256620,552441,2036.61488000,195084160.16088860,0
2024-12-03 16:00:00,95682.54000000,96169.99000000,94860.00000000,95112.00000000,2102.60918000,1733245199999,201011101.03502120,351169,976.71221000,93389751.18031760,0
2024-12-03 17:00:00,95112.00000000,95900.00000000,94882.83000000,95828.00000000,1569.70182000,1733248799999,149602437.51307090,332551,836.09421000,79700784.57179090,0
2024-12-03 18:00:00,95828.01000000,95828.01000000,95270.20000000,95481.15000000,1039.50620000,1733252399999,99324242.18953160,200133,486.33032000,46463928.76872670,0
2024-12-03 19:00:00,95481.15000000,95500.00000000,94939.77000000,95428.60000000,1225.15604000,1733255999999,116676329.07675810,221124,632.03221000,60185494.68997250,0
2024-12-03 20:00:00,95428.61000000,95680.00000000,95272.50000000,95615.06000000,1517.38179000,1733259599999,144943404.99848990,177160,843.87071000,80598708.78141580,0
2024-12-03 21:00:00,95615.06000000,96100.00000000,95545.82000000,96000.00000000,1544.87685000,1733263199999,148124532.78339900,183592,716.23510000,68674478.27879070,0
2024-12-03 22:00:00,96000.01000000,96140.01000000,95644.44000000,96117.76000000,1005.40430000,1733266799999,96458182.24286790,129467,477.73425000,45834134.31473400,0
2024-12-03 23:00:00,96117.76000000,96124.28000000,95811.31000000,95849.69000000,1041.27227000,1733270399999,99906573.81579730,173160,481.11113000,46160057.30761100,0
2024-12-04 00:00:00,95849.69000000,96027.35000000,95572.18000000,95746.42000000,1163.38095000,1733273999999,111477371.62502670,204875,553.94380000,53075845.64349410,0
2024-12-04 01:00:00,95746.41000000,96614.16000000,95449.98000000,96216.00000000,1710.49995000,1733277599999,164215154.45075170,283162,925.98118000,88923891.28656550,0
2024-12-04 02:00:00,96216.00000000,96223.34000000,95224.17000000,95788.00000000,1285.02700000,1733281199999,122907759.19071970,279427,574.60238000,54944502.90349890,0
2024-12-04 03:00:00,95788.01000000,95896.00000000,95548.75000000,95770.32000000,629.40058000,1733284799999,60266760.15907420,84317,274.66209000,26294855.38928220,0
2024-12-04 04:00:00,95770.32000000,96050.10000000,95717.54000000,96024.80000000,676.25556000,1733288399999,64829111.32888360,95613,346.57331000,33223721.86735660,0
2024-12-04 05:00:00,96024.80000000,96480.23000000,96016.68000000,96480.22000000,743.85498000,1733291999999,71608374.11855510,126084,361.07933000,34758635.15994390,0
2024-12-04 06:00:00,96480.22000000,96714.41000000,96279.80000000,96539.68000000,1201.55961000,1733295599999,115978118.25976430,194956,523.13030000,50491425.68390680,0
2024-12-04 07:00:00,96539.69000000,96702.79000000,96404.54000000,96588.81000000,985.76728000,1733299199999,95165108.49555510,151240,479.35591000,46275931.78164150,0
2024-12-04 08:00:00,96588.81000000,96810.12000000,96524.40000000,96687.53000000,965.59916000,1733302799999,93364632.97325350,128511,449.00988000,43415629.70708080,0
2024-12-04 09:00:00,96687.53000000,96950.00000000,96661.53000000,96815.78000000,1046.92043000,1733306399999,101381231.33973780,170828,474.41651000,45938877.44063950,0
2024-12-04 10:00:00,96815.78000000,96836.10000000,96430.00000000,96512.00000000,875.05140000,1733309999999,84554772.91710850,132688,327.01672000,31603619.18138550,0
2024-12-04 11:00:00,96511.99000000,96512.00000000,96172.00000000,96190.41000000,892.53931000,1733313599999,86001314.81011110,131770,434.70961000,41887288.72992910,0
2024-12-04 12:00:00,96190.41000000,96277.71000000,95684.67000000,95967.98000000,1153.84025000,1733317199999,110710076.70711400,279197,536.44517000,51471832.00300780,0
2024-12-04 13:00:00,95967.98000000,96011.61000000,95352.41000000,95665.51000000,1444.66410000,1733320799999,138224770.89340660,296186,663.63118000,63500960.07919330,0
2024-12-04 14:00:00,95665.51000000,96560.00000000,95456.37000000,95822.99000000,2471.04588000,1733324399999,237185281.89500070,464183,1239.06690000,118953507.48608620,0
2024-12-04 15:00:00,95822.99000000,96386.20000000,95411.47000000,95742.81000000,2889.64076000,1733327999999,277215746.27774710,551132,1427.58104000,136967219.10135530,0
2024-12-04 16:00:00,95742.80000000,95820.00000000,94587.83000000,94847.81000000,3483.10085000,1733331599999,331059045.83396360,548107,1664.43698000,158210289.90261330,0
2024-12-04 17:00:00,94847.81000000,95571.63000000,94685.51000000,95546.62000000,1754.08338000,1733335199999,166724634.75771310,389054,895.91082000,85147031.94129470,0
2024-12-04 18:00:00,95546.63000000,96225.48000000,95451.00000000,96111.01000000,1649.74210000,1733338799999,158175597.86324030,296126,825.33003000,79146338.52638070,0
2024-12-04 19:00:00,96111.01000000,97232.01000000,96043.65000000,97209.64000000,2580.08489000,1733342399999,249353478.56686960,303470,1461.51914000,141286245.07821810,0
2024-12-04 20:00:00,97209.64000000,99000.00000000,97128.52000000,98747.97000000,7370.81853000,1733345999999,724804427.36262810,720666,4132.05654000,406265045.35298630,0
2024-12-04 21:00:00,98747.96000000,98900.00000000,97416.59000000,97691.11000000,3022.15927000,1733349599999,296940678.95477740,405036,1369.76020000,134597783.98736000,0
2024-12-04 22:00:00,97691.11000000,98598.00000000,97544.00000000,98174.61000000,1637.42365000,1733353199999,160785021.18520920,196339,822.42614000,80753650.82756480,0
2024-12-04 23:00:00,98174.60000000,99000.00000000,98164.01000000,98587.32000000,2218.07741000,1733356799999,219066063.81989510,215757,1270.95596000,125521842.98421510,0
2024-12-05 00:00:00,98587.32000000,98799.00000000,98212.53000000,98296.01000000,1885.73231000,1733360399999,185763098.19442340,265860,917.01858000,90334819.38559900,0
2024-12-05 01:00:00,98296.01000000,98648.47000000,97888.89000000,98179.14000000,2159.70606000,1733363999999,212203242.72231780,331980,1019.56886000,100182210.60191400,0
2024-12-05 02:00:00,98179.14000000,101616.22000000,98138.23000000,101248.19000000,13614.29957900,1733367599999,1365272380.44355291,1002943,8298.35414900,831597402.44289871,0
2024-12-05 03:00:00,101248.19000000,104088.00000000,101248.19000000,102964.00000000,12251.75148300,1733371199999,1259925511.70785437,1181421,6134.52338700,630664477.76319569,0
2024-12-05 04:00:00,102964.00000000,103544.71000000,102484.00000000,103339.96000000,4204.10271000,1733374799999,432886845.29644880,526380,1917.58308000,197446390.84574240,0
2024-12-05 05:00:00,103339.96000000,103455.13000000,101706.35000000,102450.01000000,3818.61708000,1733378399999,392319751.24256340,379758,2087.40962000,214403870.04817600,0
2024-12-05 06:00:00,102450.01000000,102662.46000000,101421.59000000,101904.02000000,3820.02291000,1733381999999,389486888.90914760,351342,2159.63050000,220170358.11973550,0
2024-12-05 07:00:00,101904.02000000,102560.76000000,101324.16000000,102236.10000000,3087.83057000,1733385599999,315040581.19340610,297974,1564.00319000,159555773.14894090,0
2024-12-05 08:00:00,102236.10000000,102899.99000000,102236.10000000,102764.00000000,3813.37873000,1733389199999,391240697.03797630,325839,2439.97205000,250324270.68893470,0
2024-12-05 09:00:00,102764.01000000,103159.76000000,102565.63000000,102698.24000000,2204.40307000,1733392799999,226643571.72961940,253541,1294.42394000,133117935.59437480,0
2024-12-05 10:00:00,102698.25000000,102920.00000000,102260.00000000,102280.62000000,1591.37326000,1733396399999,163215560.38358710,218600,661.62906000,67874388.55557490,0
2024-12-05 11:00:00,102280.62000000,102672.84000000,102237.79000000,102566.91000000,1395.71099000,1733399999999,142969605.79121250,170777,640.42619000,65606172.19966240,0
2024-12-05 12:00:00,102566.91000000,103295.99000000,102452.95000000,102846.15000000,2215.64476000,1733403599999,227821970.39971640,297355,1106.16723000,113750205.06073580,0
2024-12-05 13:00:00,102846.16000000,103250.00000000,102684.73000000,102753.90000000,1851.85906000,1733407199999,190690083.56242930,297994,955.47082000,98389791.95961740,0
2024-12-05 14:00:00,102753.91000000,103550.00000000,102280.00000000,103507.99000000,3124.41507000,1733410799999,321758395.97397900,484332,1543.65970000,158970610.70207940,0
2024-12-05 15:00:00,103508.00000000,103540.00000000,100925.97000000,101292.01000000,8058.89896000,1733414399999,824406750.21390670,666572,4011.36005000,410779271.43245750,0
2024-12-05 16:00:00,101292.00000000,101999.00000000,100568.02000000,101037.51000000,4508.84935000,1733417999999,456881643.09306740,624393,2225.35732000,225510899.62118310,0
2024-12-05 17:00:00,101037.50000000,101356.00000000,100533.41000000,101282.36000000,2414.13279000,1733421599999,243683753.32770730,412259,1242.54681000,125415265.11847700,0
2024-12-05 18:00:00,101282.37000000,101521.14000000,100172.67000000,100179.24000000,3771.11550000,1733425199999,380347971.75509640,424446,1822.27795000,183802850.87171980,0
2024-12-05 19:00:00,100179.24000000,100932.00000000,98599.36000000,99028.00000000,4094.54231000,1733428799999,408750690.03421830,547484,1870.69740000,186846068.15942650,0
2024-12-05 20:00:00,99028.01000000,99424.00000000,97888.00000000,99072.84000000,5619.97633000,1733432399999,554365404.56218630,820119,2621.59550000,258675629.65106510,0
2024-12-05 21:00:00,99072.84000000,99479.72000000,98801.93000000,98908.02000000,1883.42416000,1733435999999,186762648.24941530,303928,979.00385000,97086430.95914330,0
2024-12-05 22:00:00,98908.01000000,99040.00000000,90500.00000000,96589.04000000,14364.88865000,1733439599999,1373211392.53840750,1235251,6502.17986000,622304877.59574610,0
2024-12-05 23:00:00,96589.03000000,97457.55000000,95340.00000000,96945.63000000,4167.05397000,1733443199999,402354503.78769160,591816,2220.21926000,214361404.23705580,0
2024-12-06 00:00:00,96945.63000000,97757.51000000,95981.72000000,97551.99000000,3693.49758000,1733446799999,358182941.43731220,410042,2020.82420000,195991639.29093120,0
2024-12-06 01:00:00,97551.99000000,98828.70000000,97109.68000000,98118.38000000,3073.99532000,1733450399999,301216369.30655160,335721,1760.10119000,172543611.63768410,0
2024-12-06 02:00:00,98118.38000000,98161.07000000,97473.68000000,97589.74000000,1855.59169000,1733453999999,181532787.27698770,267375,926.60591000,90642598.36977070,0
2024-12-06 03:00:00,97589.75000000,97752.14000000,97186.27000000,97735.29000000,1879.69228000,1733457599999,183179890.66617790,338724,871.66531000,84927123.81244520,0
2024-12-06 04:00:00,97735.29000000,97972.85000000,97370.19000000,97877.50000000,917.85636000,1733461199999,89689302.30499210,169582,419.27847000,40972747.87340360,0
2024-12-06 05:00:00,97877.51000000,98266.66000000,97633.26000000,97864.01000000,1012.80730000,1733464799999,99192854.64637290,190477,483.11087000,47312626.74049240,0
2024-12-06 06:00:00,97864.02000000,98275.90000000,97755.09000000,98079.96000000,1155.86623000,1733468399999,113305519.21596780,162115,512.76568000,50262226.55999160,0
2024-12-06 07:00:00,98079.97000000,98288.00000000,97759.74000000,98138.54000000,1513.64496000,1733471999999,148308472.58018220,173543,803.08528000,78672963.30105640,0
2024-12-06 08:00:00,98138.53000000,98705.23000000,98013.93000000,98345.38000000,1621.63385000,1733475599999,159632496.63019510,184956,861.75366000,84833497.62587730,0
2024-12-06 09:00:00,98345.38000000,98542.33000000,97927.22000000,98000.00000000,1586.98865000,1733479199999,155829660.50516030,241130,747.06496000,73360852.78168300,0
2024-12-06 10:00:00,98000.00000000,98186.00000000,97622.86000000,98124.78000000,1357.01704000,1733482799999,132854586.87110510,231219,525.93127000,51491988.69683100,0
2024-12-06 11:00:00,98124.79000000,98320.00000000,97812.42000000,98069.62000000,942.87343000,1733486399999,92395416.37037380,180578,462.27039000,45296259.29887750,0
2024-12-06 12:00:00,98069.61000000,98382.36000000,97512.26000000,97636.29000000,1273.05657000,1733489999999,124732346.61464010,213148,467.43828000,45820376.65522790,0
2024-12-06 13:00:00,97638.55000000,98913.46000000,97512.26000000,98591.99000000,2422.42538000,1733493599999,238149785.16553650,476886,1347.69958000,132503287.44296520,0
2024-12-06 14:00:00,98591.99000000,99483.81000000,98346.19000000,99481.69000000,3056.57310000,1733497199999,302630347.58950780,502455,1432.13397000,141803108.28237270,0
2024-12-06 15:00:00,99481.68000000,99483.81000000,98568.82000000,99309.99000000,2616.12535000,1733500799999,259198502.16448230,441697,1075.38615000,106547143.31859480,0
2024-12-06 16:00:00,99310.00000000,99500.00000000,98762.60000000,99004.07000000,1589.18851000,1733504399999,157577836.23383680,353486,740.67914000,73437794.72491350,0
2024-12-06 17:00:00,99004.06000000,101250.00000000,98882.58000000,100844.05000000,3287.63064000,1733507999999,329861238.68661010,473862,1838.06514000,184417404.27376310,0
2024-12-06 18:00:00,100844.06000000,101766.48000000,100588.23000000,101363.95000000,3318.42583000,1733511599999,336098543.72801070,500417,1594.63804000,161549336.76530500,0
2024-12-06 19:00:00,101363.95000000,101799.00000000,101120.16000000,101439.99000000,1457.11119000,1733515199999,147819446.02876060,250676,632.78995000,64209143.64376650,0
2024-12-06 20:00:00,101439.99000000,101898.99000000,101056.00000000,101360.00000000,1587.73777000,1733518799999,161297841.74293880,245160,664.45187000,67513278.92875450,0
2024-12-06 21:00:00,101360.00000000,101449.99000000,100290.90000000,100372.01000000,1134.08609000,1733522399999,114380423.26086160,190085,420.56332000,42417550.40530090,0
2024-12-06 22:00:00,100372.01000000,100707.37000000,100357.68000000,100504.00000000,695.79652000,1733525999999,69951647.13564600,108523,369.36253000,37132558.66844300,0
2024-12-06 23:00:00,100504.00000000,100573.99000000,99053.03000000,99740.84000000,1999.91146000,1733529599999,199623429.20223370,277245,1021.95900000,101986599.45490950,0
2024-12-07 00:00:00,99740.84000000,100406.15000000,99529.41000000,100272.01000000,912.55455000,1733533199999,91313260.48242080,169591,442.61196000,44284098.12837140,0
2024-12-07 01:00:00,100272.01000000,100428.00000000,99824.62000000,100044.31000000,666.65588000,1733536799999,66731138.61905220,128049,282.08621000,28237682.10692650,0
2024-12-07 02:00:00,100044.31000000,100169.42000000,99868.00000000,99930.01000000,423.24483000,1733540399999,42344220.35879000,93173,184.72701000,18482261.53652060,0
2024-12-07 03:00:00,99930.01000000,99930.01000000,99285.71000000,99299.63000000,800.94309000,1733543999999,79716101.75481870,119717,322.63534000,32106288.75442680,0
2024-12-07 04:00:00,99299.64000000,99666.31000000,99025.01000000,99494.57000000,859.54997000,1733547599999,85423258.68348190,125578,311.84141000,30989978.76352620,0
2024-12-07 05:00:00,99494.58000000,99643.96000000,98844.00000000,99155.98000000,909.81086000,1733551199999,90307855.93972330,114689,310.57589000,30823045.87997640,0
2024-12-07 06:00:00,99155.99000000,99393.60000000,99060.12000000,99336.27000000,808.71363000,1733554799999,80258777.77717450,101446,421.65063000,41847965.29113880,0
2024-12-07 07:00:00,99336.28000000,99494.19000000,99108.00000000,99405.20000000,675.92852000,1733558399999,67123948.53511710,119976,289.13700000,28712336.16594850,0
2024-12-07 08:00:00,99405.20000000,99561.44000000,99260.00000000,99414.76000000,498.53222000,1733561999999,49574676.22317440,103294,234.92662000,23361896.21432140,0
2024-12-07 09:00:00,99414.76000000,99821.83000000,99414.75000000,99676.48000000,558.38011000,1733565599999,55619382.32617220,123133,323.18237000,32190591.36903340,0
2024-12-07 10:00:00,99676.48000000,99708.43000000,99440.00000000,99529.50000000,795.39219000,1733569199999,79175280.67839910,81696,374.91259000,37318179.35998130,0
2024-12-07 11:00:00,99529.50000000,99750.00000000,99421.53000000,99620.00000000,437.99027000,1733572799999,43593898.22130200,64691,166.59180000,16581245.95793790,0
2024-12-07 12:00:00,99620.00000000,99703.55000000,99364.00000000,99426.87000000,421.89864000,1733576399999,42008317.19873710,82326,186.80039000,18600359.92123720,0
2024-12-07 13:00:00,99426.88000000,99518.75000000,99304.00000000,99350.00000000,495.32597000,1733579999999,49224455.83378890,92300,214.08803000,21276481.98826820,0
2024-12-07 14:00:00,99350.00000000,99779.34000000,99036.01000000,99465.30000000,738.05732000,1733583599999,73352845.41987400,129266,362.09110000,35997065.43371210,0
2024-12-07 15:00:00,99465.30000000,99800.00000000,99336.00000000,99756.01000000,753.80096000,1733587199999,75037499.37811610,153672,374.23090000,37252089.18172930,0
2024-12-07 16:00:00,99756.00000000,99799.99000000,99476.62000000,99621.56000000,503.91810000,1733590799999,50193520.99890480,118037,209.28407000,20849215.50161410,0
2024-12-07 17:00:00,99621.57000000,99717.80000000,99460.37000000,99631.97000000,416.16617000,1733594399999,41435563.21498760,95215,182.66752000,18186221.46656310,0
2024-12-07 18:00:00,99631.98000000,100263.64000000,99582.35000000,100123.32000000,722.02580000,1733597999999,72131003.49452380,116078,412.24835000,41189124.46788390,0
2024-12-07 19:00:00,100123.32000000,100262.35000000,99920.31000000,100077.45000000,615.47471000,1733601599999,61632564.77310150,111533,267.14489000,26753220.31079220,0
2024-12-07 20:00:00,100077.45000000,100380.72000000,100077.45000000,100313.57000000,439.41032000,1733605199999,44038203.70876900,101418,225.40360000,22589007.44038830,0
2024-12-07 21:00:00,100313.57000000,100439.18000000,99700.00000000,99869.80000000,527.22024000,1733608799999,52727258.99196150,123941,200.96297000,20101570.09359120,0
2024-12-07 22:00:00,99869.81000000,100046.92000000,99595.11000000,99595.11000000,408.98144000,1733612399999,40838111.64543310,67912,186.67553000,18641692.37992190,0
2024-12-07 23:00:00,99595.12000000,100259.00000000,99595.11000000,99831.99000000,541.97011000,1733615999999,54152702.58072220,97835,290.07382000,28979043.58352410,0
2024-12-08 00:00:00,99831.99000000,99978.38000000,99632.28000000,99978.38000000,384.70173000,1733619599999,38403080.14475390,93879,156.56295000,15628577.44282370,0
2024-12-08 01:00:00,99978.38000000,100128.00000000,99669.01000000,99848.36000000,390.67541000,1733623199999,39037281.66324350,103022,158.59033000,15847584.22578830,0
2024-12-08 02:00:00,99848.35000000,100328.88000000,99750.17000000,100146.90000000,590.34251000,1733626799999,59088860.14834760,107935,286.25511000,28655212.40652330,0
2024-12-08 03:00:00,100146.91000000,100260.00000000,99912.00000000,99934.82000000,322.49487000,1733630399999,32274561.10679060,84943,131.30401000,13140669.69950760,0
2024-12-08 04:00:00,99934.83000000,100030.00000000,99694.66000000,99756.01000000,483.49842000,1733633999999,48277453.68905900,90520,222.09376000,22176063.87949240,0
2024-12-08 05:00:00,99756.00000000,99783.56000000,99370.00000000,99534.26000000,431.31034000,1733637599999,42948733.07761090,83427,178.71003000,17795397.04063110,0
2024-12-08 06:00:00,99534.26000000,99803.32000000,99336.00000000,99675.96000000,397.06249000,1733641199999,39544118.50369570,83458,158.82941000,15818391.87261740,0
2024-12-08 07:00:00,99675.97000000,99863.35000000,99632.61000000,99675.11000000,278.48465000,1733644799999,27778258.60746980,77148,119.35255000,11906358.83772250,0
2024-12-08 08:00:00,99675.11000000,99687.85000000,98964.00000000,98980.01000000,668.22137000,1733648399999,66349598.71058370,134099,220.05225000,21853907.99381850,0
2024-12-08 09:00:00,98980.02000000,99300.00000000,98657.70000000,98884.02000000,890.41696000,1733651999999,88160653.02164620,193494,352.60277000,34915414.58011610,0
2024-12-08 10:00:00,98884.03000000,99409.02000000,98876.00000000,99249.22000000,525.53622000,1733655599999,52150026.79968840,111068,277.29352000,27512637.61733140,0
2024-12-08 11:00:00,99249.21000000,99844.28000000,99124.01000000,99701.16000000,473.22138000,1733659199999,47122733.31740280,114187,260.87776000,25976908.50322300,0
2024-12-08 12:00:00,99701.17000000,100200.00000000,99452.00000000,99922.48000000,766.06693000,1733662799999,76488924.20321290,165938,401.34278000,40077265.03795700,0
2024-12-08 13:00:00,99922.49000000,100500.00000000,99803.80000000,100408.80000000,993.73135000,1733666399999,99546123.50071490,189784,496.18255000,49712685.75707050,0
2024-12-08 14:00:00,100408.79000000,100426.10000000,99724.75000000,99726.73000000,784.39963000,1733669999999,78512762.73350800,138200,378.87781000,37927941.95717280,0
2024-12-08 15:00:00,99726.72000000,99964.63000000,99357.16000000,99912.01000000,844.24534000,1733673599999,84121517.55431720,206021,408.08571000,40667668.01140770,0
2024-12-08 16:00:00,99912.01000000,100142.85000000,99733.15000000,99832.96000000,648.81492000,1733677199999,64832525.02596670,160964,336.70973000,33648436.31396100,0
2024-12-08 17:00:00,99832.97000000,100000.00000000,99628.01000000,99943.98000000,477.73217000,1733680799999,47692099.39626370,127067,210.09882000,20973312.06544100,0
2024-12-08 18:00:00,99943.99000000,100016.00000000,99563.83000000,99660.98000000,561.37841000,1733684399999,56052759.42830060,119953,273.71079000,27331669.90214760,0
2024-12-08 19:00:00,99660.99000000,100198.00000000,99480.00000000,100100.98000000,531.70789000,1733687999999,53069868.05108140,114213,302.76338000,30230122.94993490,0
2024-12-08 20:00:00,100100.99000000,100156.00000000,99800.00000000,99800.01000000,402.06692000,1733691599999,40193216.33807370,118906,168.19932000,16814388.01049710,0
2024-12-08 21:00:00,99800.01000000,100058.83000000,99736.06000000,100026.97000000,359.99203000,1733695199999,35972502.40640310,75250,241.44829000,24126182.15725830,0
2024-12-08 22:00:00,100026.98000000,100274.44000000,99879.21000000,100220.01000000,504.28845000,1733698799999,50448063.74179700,85196,304.48900000,30462622.94791780,0
2024-12-08 23:00:00,100220.01000000,101351.00000000,100088.98000000,101109.59000000,1902.60649000,1733702399999,191511225.23221970,216037,1108.36910000,111546319.70847460,0
2024-12-09 00:00:00,101109.60000000,101215.93000000,99347.98000000,99656.36000000,2258.99758000,1733705999999,225952987.25496320,406177,1020.62064000,102092627.85589330,0
2024-12-09 01:00:00,99656.36000000,99863.99000000,99390.00000000,99528.54000000,823.51766000,1733709599999,82047862.90052270,239733,385.09644000,38366683.12539100,0
2024-12-09 02:00:00,99528.55000000,99721.56000000,99009.73000000,99195.89000000,1413.47378000,1733713199999,140337127.32527640,202241,587.93940000,58373676.38822630,0
2024-12-09 03:00:00,99195.89000000,99350.45000000,98432.18000000,99090.84000000,1635.58345000,1733716799999,161856484.36539170,168286,749.08975000,74178703.71372110,0
2024-12-09 04:00:00,99090.84000000,99459.61000000,98767.54000000,99427.99000000,1121.55117000,1733720399999,111252164.72746030,160302,682.94455000,67749289.45688450,0
2024-12-09 05:00:00,99428.00000000,99554.89000000,99324.00000000,99435.87000000,828.28925000,1733723999999,82384689.77096470,99163,493.72282000,49109193.08516460,0
2024-12-09 06:00:00,99435.87000000,99475.99000000,98856.02000000,99044.64000000,742.40929000,1733727599999,73639532.81422740,151893,366.31785000,36336353.48341280,0
2024-12-09 07:00:00,99044.64000000,99729.88000000,98328.00000000,99576.51000000,1948.80400000,1733731199999,192859896.82105580,342386,941.12194000,93201490.81592090,0
2024-12-09 08:00:00,99576.51000000,99679.71000000,98808.00000000,98901.15000000,1450.14652000,1733734799999,143990016.24956610,340412,645.12426000,64059538.52705450,0
2024-12-09 09:00:00,98901.15000000,99099.99000000,98406.08000000,98406.08000000,1562.66715000,1733738399999,154243907.60243320,383304,709.68751000,70065080.97204430,0
2024-12-09 10:00:00,98406.08000000,98770.11000000,98272.04000000,98714.52000000,1334.96471000,1733741999999,131457415.87647920,280835,610.42380000,60117171.35217660,0
2024-12-09 11:00:00,98714.52000000,98714.52000000,98035.57000000,98088.47000000,1407.15762000,1733745599999,138260458.42985980,291165,606.19789000,59566721.17523760,0
2024-12-09 12:00:00,98088.47000000,98627.70000000,97948.01000000,98601.05000000,1508.07381000,1733749199999,148233814.59078140,277397,760.84876000,74814497.90320620,0
2024-12-09 13:00:00,98601.05000000,99211.58000000,98237.03000000,99004.03000000,1460.24803000,1733752799999,144308135.82627310,283106,668.07051000,66019759.48066640,0
2024-12-09 14:00:00,99004.03000000,100390.00000000,98856.00000000,100156.26000000,2487.20504000,1733756399999,247822409.57734300,384487,1216.16530000,121214149.53617160,0
2024-12-09 15:00:00,100156.26000000,100421.80000000,97508.58000000,97812.00000000,5110.07575000,1733759999999,503323440.05624590,748041,2366.39235000,233003203.73219010,0
2024-12-09 16:00:00,97812.00000000,98398.00000000,97460.00000000,97844.06000000,2642.96173000,1733763599999,258979909.06496450,465401,1323.80856000,129726291.72621670,0
2024-12-09 17:00:00,97844.06000000,98240.00000000,97350.00000000,97368.04000000,1542.83473000,1733767199999,150827792.79500770,328876,712.98409000,69736487.24045350,0
2024-12-09 18:00:00,97368.05000000,98260.00000000,97365.48000000,97776.66000000,1546.89958000,1733770799999,151488372.89793240,302608,850.66624000,83297992.06103170,0
2024-12-09 19:00:00,97776.65000000,97776.66000000,97000.00000000,97070.32000000,1913.69602000,1733774399999,186276076.60524870,327745,819.88996000,79824709.74443570,0
2024-12-09 20:00:00,97070.33000000,97330.49000000,96111.00000000,96252.01000000,3713.47796000,1733777999999,359389969.34901630,583752,1777.24095000,172041414.59568900,0
2024-12-09 21:00:00,96252.00000000,97572.52000000,94150.05000000,96892.00000000,8232.45482000,1733781599999,791965015.95623870,808861,3741.76061000,360401658.11280390,0
2024-12-09 22:00:00,96892.00000000,97381.47000000,94837.42000000,96984.01000000,5598.28570000,1733785199999,540742557.33720920,600476,2622.16454000,253294942.38152990,0
2024-12-09 23:00:00,96984.00000000,97533.14000000,96700.46000000,97276.47000000,1665.34060000,1733788799999,161986957.51118740,269225,813.80605000,79130394.07157230,0
2024-12-10 00:00:00,97276.48000000,98138.00000000,97000.00000000,97867.91000000,1941.40264000,1733792399999,189431089.61986760,389547,962.21247000,93900237.69664220,0
2024-12-10 01:00:00,97867.91000000,98058.50000000,97467.80000000,97946.00000000,1095.21618000,1733795999999,107137037.52028680,274187,470.69063000,46043604.59844270,0
2024-12-10 02:00:00,97946.00000000,97946.01000000,96614.27000000,96660.01000000,1804.43021000,1733799599999,175698450.02692000,308699,739.02031000,71965255.68651480,0
2024-12-10 03:00:00,96660.00000000,96947.26000000,95565.41000000,96931.99000000,3126.85208000,1733803199999,301158777.18476010,643391,1371.89011000,132115224.43765760,0
2024-12-10 04:00:00,96931.99000000,97132.45000000,95900.00000000,97031.97000000,1630.90831000,1733806799999,157575637.52733710,363181,754.27074000,72889480.75717160,0
2024-12-10 05:00:00,97031.98000000,97051.99000000,96520.49000000,96941.99000000,1054.45271000,1733810399999,102087512.99246700,212854,524.78144000,50807829.48872750,0
2024-12-10 06:00:00,96941.99000000,97519.20000000,96810.85000000,97464.60000000,1222.41402000,1733813999999,118804873.92652090,213062,667.95195000,64915309.30011850,0
2024-12-10 07:00:00,97464.60000000,97502.74000000,96908.00000000,97196.44000000,943.52763000,1733817599999,91655865.56197810,176051,523.57328000,50856375.36286470,0
2024-12-10 08:00:00,97196.44000000,97547.52000000,96938.19000000,97385.72000000,866.37002000,1733821199999,84247800.70830610,204794,463.12267000,45039848.46440150,0
2024-12-10 09:00:00,97385.72000000,97680.00000000,97224.79000000,97489.10000000,851.77822000,1733824799999,83001521.66502340,197265,488.91330000,47643657.09386750,0
2024-12-10 10:00:00,97489.10000000,97862.43000000,97489.09000000,97687.50000000,947.81939000,1733828399999,92609084.89843550,187932,558.44010000,54562494.95649190,0
2024-12-10 11:00:00,97687.50000000,97937.50000000,97444.42000000,97722.52000000,1066.94048000,1733831999999,104215366.86689560,213598,545.03617000,53244035.96147660,0
2024-12-10 12:00:00,97722.53000000,97841.10000000,96864.04000000,97161.50000000,1548.27714000,1733835599999,150622581.29769000,519714,786.29562000,76494254.40399330,0
2024-12-10 13:00:00,97161.50000000,97929.99000000,97128.00000000,97738.36000000,1701.94365000,1733839199999,166103165.14236460,542358,874.38259000,85338152.34773830,0
2024-12-10 14:00:00,97738.35000000,98270.00000000,97140.00000000,97820.01000000,3526.12099000,1733842799999,344825648.23713130,831416,1881.79215000,184045827.18978490,0
2024-12-10 15:00:00,97820.01000000,98113.68000000,95555.00000000,95658.79000000,4812.98677000,1733846399999,465585007.25636580,1079445,2052.02657000,198561050.87855480,0
2024-12-10 16:00:00,95658.79000000,96500.00000000,94508.69000000,96319.77000000,7543.54551000,1733849999999,719986044.67136260,1172638,3209.05581000,306376026.91459620,0
2024-12-10 17:00:00,96319.76000000,96391.17000000,94401.76000000,94484.01000000,5401.75410000,1733853599999,513445743.78123630,1121081,2468.86236000,234608976.84104700,0
2024-12-10 18:00:00,94484.01000000,95524.00000000,94256.54000000,95132.03000000,2558.43561000,1733857199999,242815443.19289930,776393,1228.43468000,116568875.61321460,0
2024-12-10 19:00:00,95132.04000000,96171.14000000,94980.27000000,95856.50000000,1778.37842000,1733860799999,170245327.39719230,569821,867.59987000,83064781.23088600,0
2024-12-10 20:00:00,95856.50000000,96700.00000000,95616.00000000,96434.76000000,1949.38081000,1733864399999,187655547.53287870,507732,970.89185000,93473532.87215320,0
2024-12-10 21:00:00,96434.75000000,97200.70000000,96382.35000000,96858.00000000,2026.89962000,1733867999999,196166983.97352350,493836,1005.35153000,97296873.79234700,0
2024-12-10 22:00:00,96858.00000000,97099.49000000,96587.43000000,96849.44000000,1109.33596000,1733871599999,107438022.28949440,264151,484.21324000,46897177.82187970,0
2024-12-10 23:00:00,96849.45000000,97128.62000000,96402.70000000,96593.00000000,1199.51886000,1733875199999,116147661.82149160,293043,624.28642000,60455995.46020080,0
2024-12-11 00:00:00,96593.00000000,96842.42000000,95816.36000000,96412.61000000,1676.16419000,1733878799999,161519219.45159350,537619,783.10394000,75463377.54107060,0
2024-12-11 01:00:00,96412.61000000,96635.79000000,95658.24000000,95752.02000000,1661.31944000,1733882399999,159738499.09538700,592515,753.03101000,72414408.68292160,0
2024-12-11 02:00:00,95752.02000000,97444.44000000,95677.96000000,97207.29000000,1684.35094000,1733885999999,162840014.92101970,511775,849.81154000,82154979.16789750,0
2024-12-11 03:00:00,97207.29000000,97625.76000000,97128.24000000,97398.43000000,1079.97914000,1733889599999,105156008.44959290,337535,536.40747000,52230628.95869900,0
2024-12-11 04:00:00,97398.42000000,97600.00000000,97181.70000000,97546.96000000,1071.82464000,1733893199999,104387671.95160400,260963,587.52042000,57217083.55716340,0
2024-12-11 05:00:00,97546.97000000,97700.00000000,97300.80000000,97495.19000000,581.06970000,1733896799999,56627707.18768610,232508,234.77912000,22881295.41267440,0
2024-12-11 06:00:00,97495.20000000,97765.77000000,97391.40000000,97689.57000000,482.35697000,1733900399999,47093162.85010490,190950,249.86118000,24394995.94513100,0
2024-12-11 07:00:00,97689.57000000,97790.36000000,97248.87000000,97334.60000000,747.37970000,1733903999999,72899696.67342220,182342,304.82870000,29727540.50498630,0
2024-12-11 08:00:00,97334.59000000,98472.57000000,97316.78000000,98109.90000000,1557.01346000,1733907599999,152562895.67747020,301301,874.33107000,85657233.56861660,0
2024-12-11 09:00:00,98109.90000000,98171.35000000,97757.44000000,97999.99000000,778.44620000,1733911199999,76227522.87647360,246907,344.99790000,33779884.70634860,0
2024-12-11 10:00:00,98000.00000000,98301.17000000,97862.66000000,98214.29000000,779.21065000,1733914799999,76429805.49599240,181359,380.00869000,37277190.91709700,0
2024-12-11 11:00:00,98214.29000000,98450.00000000,98137.09000000,98292.61000000,800.38789000,1733918399999,78680725.78960690,161904,373.24495000,36690444.60614490,0
2024-12-11 12:00:00,98292.61000000,98493.04000000,98164.02000000,98236.00000000,775.58074000,1733921999999,76279138.47101230,179293,362.21884000,35624635.11976370,0
2024-12-11 13:00:00,98236.00000000,98865.47000000,98072.33000000,98736.86000000,1875.90205000,1733925599999,184885900.31263350,481111,926.71174000,91341335.28490760,0
2024-12-11 14:00:00,98736.86000000,99539.29000000,98369.82000000,99515.98000000,2230.19310000,1733929199999,220748905.80167330,556809,1116.82926000,110565956.22121290,0
2024-12-11 15:00:00,99515.99000000,100800.00000000,99414.72000000,100361.64000000,5764.60580000,1733932799999,577304816.19841860,837830,3280.37513000,328442759.95300060,0
2024-12-11 16:00:00,100361.64000000,101090.90000000,100295.61000000,100575.99000000,2950.52479000,1733936399999,297027889.31092630,555241,1585.59782000,159649481.78781790,0
2024-12-11 17:00:00,100576.00000000,100982.07000000,99660.15000000,99781.90000000,2298.27737000,1733939999999,230764966.46194330,452276,1020.62800000,102458543.94547070,0
2024-12-11 18:00:00,99781.89000000,100786.30000000,99608.23000000,100388.71000000,2207.59419000,1733943599999,221303048.91969750,472723,1125.00115000,112761937.89211020,0
2024-12-11 19:00:00,100388.72000000,101141.01000000,100388.71000000,101122.71000000,1758.39622000,1733947199999,177270251.60510350,248186,1044.93146000,105360565.01941560,0
2024-12-11 20:00:00,101122.71000000,101674.72000000,101024.75000000,101271.56000000,2068.71914000,1733950799999,209628075.68037150,348587,1022.62334000,103629028.12728310,0
2024-12-11 21:00:00,101271.57000000,101536.70000000,100866.42000000,101520.12000000,1152.95810000,1733954399999,116644621.41190650,173600,532.68514000,53892225.77476790,0
2024-12-11 22:00:00,101520.13000000,101888.00000000,101180.63000000,101209.74000000,1098.87478000,1733957999999,111558652.94522540,123585,533.97970000,54228856.29559300,0
2024-12-11 23:00:00,101209.74000000,101500.00000000,101068.25000000,101125.00000000,672.65371000,1733961599999,68124565.47958480,83592,289.33802000,29301929.22107630,0
2024-12-12 00:00:00,101125.00000000,101200.00000000,100559.71000000,100772.46000000,970.26535000,1733965199999,97916390.25408140,220628,408.48020000,41220128.98044820,0
2024-12-12 01:00:00,100772.47000000,100861.98000000,100331.61000000,100496.30000000,1065.71101000,1733968799999,107208565.58597030,236593,454.84979000,45753877.90057950,0
2024-12-12 02:00:00,100496.30000000,101824.77000000,100496.30000000,101824.76000000,1067.28192000,1733972399999,107881033.93114000,270609,630.26813000,63724554.50101230,0
2024-12-12 03:00:00,101824.77000000,101829.00000000,100792.00000000,101025.87000000,1481.01937000,1733975999999,150028062.66499680,368461,647.72051000,65620933.60213630,0
2024-12-12 04:00:00,101025.88000000,101191.85000000,100572.00000000,100675.70000000,877.84617000,1733979599999,88537060.02130410,232715,390.31878000,39367134.97761910,0
2024-12-12 05:00:00,100675.70000000,101136.92000000,100617.64000000,100618.86000000,1063.06897000,1733983199999,107232124.72718590,201236,567.27686000,57222396.34044260,0
2024-12-12 06:00:00,100618.87000000,100701.24000000,100402.82000000,100584.37000000,548.35286000,1733986799999,55144150.84787890,182454,284.90843000,28651935.29200720,0
2024-12-12 07:00:00,100584.37000000,100828.16000000,100496.47000000,100499.99000000,528.75796000,1733990399999,53211895.34999020,118022,237.64190000,23917052.56616250,0
2024-12-12 08:00:00,100499.99000000,101049.36000000,100470.58000000,100980.00000000,703.47330000,1733993999999,70906653.63591810,134228,370.85068000,37382892.08159850,0
2024-12-12 09:00:00,100979.99000000,101126.54000000,100794.11000000,100814.07000000,604.85218000,1733997599999,61065119.36792460,122989,295.03562000,29790251.81427680,0
2024-12-12 10:00:00,100814.06000000,100814.07000000,100473.14000000,100579.44000000,620.99851000,1734001199999,62467865.01948930,189757,301.12050000,30288316.87815930,0
2024-12-12 11:00:00,100579.44000000,100637.97000000,100178.32000000,100358.42000000,663.75995000,1734004799999,66613618.31169040,213825,253.81565000,25471723.30321320,0
2024-12-12 12:00:00,100358.42000000,100944.00000000,100348.35000000,100828.00000000,783.19887000,1734008399999,78890119.91147460,188712,415.70032000,41871800.74592870,0
2024-12-12 13:00:00,100828.00000000,101545.78000000,100540.74000000,100911.99000000,1810.00915000,1734011999999,182878714.60104330,540341,879.76607000,88904187.77731430,0
2024-12-12 14:00:00,100912.00000000,101749.74000000,100629.41000000,101702.04000000,2588.59757000,1734015599999,261964756.68270020,660480,1317.17776000,133334360.51076070,0
2024-12-12 15:00:00,101702.04000000,101861.60000000,100700.07000000,101797.14000000,2345.92427000,1734019199999,237840811.56368190,637812,1138.70000000,115473593.93310310,0
2024-12-12 16:00:00,101797.14000000,102540.00000000,101462.49000000,101462.49000000,3118.04465000,1734022799999,318242633.39351090,722561,1756.90529000,179341667.30956130,0
2024-12-12 17:00:00,101462.49000000,101700.00000000,101227.27000000,101617.65000000,1046.05464000,1734026399999,106148139.69646350,412487,489.09373000,49633944.11537720,0
2024-12-12 18:00:00,101617.64000000,101657.75000000,100831.00000000,100857.59000000,907.96892000,1734029999999,91908787.69881760,369919,426.90012000,43205858.68778390,0
2024-12-12 19:00:00,100857.59000000,101052.77000000,99311.64000000,99481.32000000,2862.50310000,1734033599999,286121364.71286560,694182,1269.30263000,126872558.75663520,0
2024-12-12 20:00:00,99481.33000000,100464.73000000,99465.33000000,100028.01000000,1571.02583000,1734037199999,156924823.27465000,559237,730.36887000,72960846.67127490,0
2024-12-12 21:00:00,100028.02000000,100109.09000000,99700.00000000,99760.01000000,764.07160000,1734040799999,76314949.91071460,334752,343.75250000,34334205.20619620,0
2024-12-12 22:00:00,99760.01000000,100476.19000000,99513.00000000,100444.00000000,803.02299000,1734044399999,80324583.72009860,276244,406.76266000,40699644.19696210,0
2024-12-12 23:00:00,100444.00000000,100476.00000000,99879.38000000,100004.29000000,436.27831000,1734047999999,43690358.98257970,178078,159.16961000,15940590.52180740,0
2024-12-13 00:00:00,100004.29000000,100356.85000000,99939.85000000,100083.21000000,501.95354000,1734051599999,50281015.29521700,180397,251.23473000,25165315.04309220,0
2024-12-13 01:00:00,100083.21000000,100140.00000000,99210.53000000,99323.94000000,996.85798000,1734055199999,99324747.11974290,276020,417.62827000,41625525.48037710,0
2024-12-13 02:00:00,99323.94000000,99675.66000000,99205.00000000,99484.99000000,1138.64214000,1734058799999,113226775.37283950,274055,595.70923000,59235146.85396360,0
2024-12-13 03:00:00,99484.99000000,99793.50000000,99484.98000000,99729.09000000,532.23358000,1734062399999,53048561.10309030,164100,297.78565000,29680167.46100800,0
2024-12-13 04:00:00,99729.09000000,100054.91000000,99652.00000000,100000.46000000,531.66419000,1734065999999,53097804.27627950,121589,255.31026000,25496691.43418750,0
2024-12-13 05:00:00,100000.46000000,100172.00000000,99850.35000000,99890.00000000,430.05413000,1734069599999,42999505.80586570,99313,187.33953000,18731897.10164750,0
2024-12-13 06:00:00,99889.99000000,100092.00000000,99700.00000000,99700.00000000,483.54224000,1734073199999,48315638.88631490,106474,178.33602000,17820047.67369530,0
2024-12-13 07:00:00,99700.00000000,100225.52000000,99500.00000000,100130.00000000,1277.18261000,1734076799999,127607107.91582120,175189,546.15943000,54618376.28561620,0
2024-12-13 08:00:00,100130.01000000,100361.93000000,99896.00000000,100272.00000000,562.17584000,1734080399999,56316996.18694930,124159,305.60455000,30618487.81591530,0
2024-12-13 09:00:00,100271.99000000,100340.00000000,99904.43000000,100100.00000000,499.52207000,1734083999999,50013642.43812710,132961,201.07452000,20134536.83073150,0
2024-12-13 10:00:00,100100.00000000,100550.00000000,99913.51000000,100457.62000000,520.33241000,1734087599999,52161259.53263850,130636,306.94379000,30779669.41218240,0
2024-12-13 11:00:00,100457.62000000,100789.00000000,100314.19000000,100353.37000000,678.01774000,1734091199999,68153531.20879580,165572,385.45966000,38749795.68651840,0
2024-12-13 12:00:00,100353.37000000,100470.59000000,100142.11000000,100299.85000000,462.58738000,1734094799999,46405012.81954240,150630,216.03747000,21672065.85482610,0
2024-12-13 13:00:00,100299.85000000,100527.91000000,99936.25000000,100284.35000000,605.47063000,1734098399999,60655191.79778820,214229,292.98332000,29351135.61988950,0
2024-12-13 14:00:00,100284.36000000,101018.12000000,100220.92000000,101018.12000000,988.71208000,1734101999999,99525066.10939740,337312,572.86714000,57687985.51984410,0
2024-12-13 15:00:00,101018.12000000,101375.26000000,99700.00000000,99873.16000000,2338.34375000,1734105599999,235584930.11594730,565812,1027.01820000,103497955.27081550,0
2024-12-13 16:00:00,99873.16000000,101272.73000000,99800.00000000,100988.01000000,1964.84991000,1734109199999,197336433.93773250,575702,974.31909000,97839678.06677370,0
2024-12-13 17:00:00,100988.02000000,101777.75000000,100780.01000000,101737.89000000,1575.29189000,1734112799999,159595326.18623780,421877,772.60224000,78290401.23739300,0
2024-12-13 18:00:00,101737.88000000,101895.26000000,101293.14000000,101495.91000000,1655.90604000,1734116399999,168271831.75255380,380093,852.83665000,86649725.66691950,0
2024-12-13 19:00:00,101495.92000000,101617.65000000,101205.88000000,101462.34000000,980.79695000,1734119999999,99426570.24436240,235043,523.85832000,53098111.77546960,0
2024-12-13 20:00:00,101462.34000000,101879.98000000,101227.97000000,101680.00000000,1230.46768000,1734123599999,125011393.58653560,274444,659.80995000,67036237.81293900,0
2024-12-13 21:00:00,101680.01000000,101691.46000000,101250.09000000,101303.64000000,699.51818000,1734127199999,70951084.66231460,151208,261.94151000,26565949.70509460,0
2024-12-13 22:00:00,101303.63000000,101407.99000000,101090.90000000,101227.28000000,406.27702000,1734130799999,41131812.79652190,122133,169.79251000,17188932.21151580,0
2024-12-13 23:00:00,101227.28000000,101529.42000000,101139.88000000,101424.25000000,843.63925000,1734134399999,85462153.92348490,102712,416.44161000,42187051.81504050,0
2024-12-14 00:00:00,101424.24000000,101519.42000000,101148.35000000,101301.07000000,468.18694000,1734137999999,47446351.10228830,122426,208.18438000,21097813.10831900,0
2024-12-14 01:00:00,101301.07000000,102650.00000000,101301.07000000,102145.28000000,2528.31652000,1734141599999,258295885.28679280,521229,1482.12350000,151377659.93287510,0
2024-12-14 02:00:00,102145.28000000,102279.43000000,101668.45000000,102032.61000000,698.88108000,1734145199999,71241146.63654800,248042,341.24506000,34781891.58917570,0
2024-12-14 03:00:00,102032.61000000,102344.00000000,102022.39000000,102088.00000000,406.92709000,1734148799999,41576466.15074420,115886,186.86600000,19091977.12651660,0
2024-12-14 04:00:00,102088.00000000,102138.00000000,101590.90000000,101681.81000000,636.87362000,1734152399999,64835506.04855060,162911,258.62405000,26323878.37320910,0
2024-12-14 05:00:00,101681.82000000,101816.71000000,101632.00000000,101722.80000000,439.71251000,1734155999999,44736022.20508540,95720,200.59353000,20407781.46447370,0
2024-12-14 06:00:00,101722.79000000,102000.00000000,101690.37000000,101906.05000000,572.18592000,1734159599999,58299725.20756090,79010,277.28692000,28258518.31681670,0
2024-12-14 07:00:00,101906.06000000,101923.99000000,101596.43000000,101824.00000000,706.73681000,1734163199999,71904320.65072420,72396,371.00159000,37743097.51260930,0
2024-12-14 08:00:00,101824.00000000,101863.64000000,101578.58000000,101803.03000000,319.99027000,1734166799999,32557688.46686270,66785,119.63749000,12172489.53756540,0
2024-12-14 09:00:00,101803.04000000,101803.04000000,101478.05000000,101551.28000000,327.22429000,1734170399999,33254876.74065850,74707,115.38746000,11725299.22559360,0
2024-12-14 10:00:00,101551.29000000,101602.31000000,101321.00000000,101550.58000000,371.42714000,1734173999999,37685949.07178040,88108,170.32838000,17284488.37531320,0
2024-12-14 11:00:00,101550.59000000,101697.50000000,101464.92000000,101583.99000000,227.39658000,1734177599999,23103301.94100140,62932,133.00774000,13513849.67507880,0
2024-12-14 12:00:00,101584.00000000,101647.06000000,101241.26000000,101297.96000000,590.74082000,1734181199999,59910207.02326920,127470,299.43350000,30369696.79482620,0
2024-12-14 13:00:00,101297.96000000,101411.63000000,100826.38000000,101170.05000000,1220.28333000,1734184799999,123367805.04512250,233121,585.63795000,59208943.51912640,0
2024-12-14 14:00:00,101170.04000000,101536.00000000,101163.64000000,101434.30000000,526.12869000,1734188399999,53352869.94850020,131845,252.79822000,25636186.22864690,0
2024-12-14 15:00:00,101434.30000000,101742.43000000,101342.71000000,101625.12000000,400.83121000,1734191999999,40720033.17059950,108532,206.22140000,20948614.70495830,0
2024-12-14 16:00:00,101625.12000000,101650.77000000,101420.01000000,101650.76000000,412.87893000,1734195599999,41918947.22635860,146697,189.38623000,19228060.07408610,0
2024-12-14 17:00:00,101650.77000000,101737.70000000,100860.00000000,100988.00000000,798.14281000,1734199199999,80778796.79073120,154942,277.94087000,28141359.33981960,0
2024-12-14 18:00:00,100988.01000000,101175.75000000,100831.63000000,100895.98000000,659.88076000,1734202799999,66641826.76112780,206414,306.92885000,31000643.30060580,0
2024-12-14 19:00:00,100895.99000000,101411.77000000,100872.38000000,101313.54000000,442.94587000,1734206399999,44807569.86855520,141685,203.19861000,20556300.53874290,0
2024-12-14 20:00:00,101313.54000000,101409.92000000,100609.41000000,100760.00000000,528.13263000,1734209999999,53321707.12696730,142681,169.31897000,17095931.62240570,0
2024-12-14 21:00:00,100760.00000000,101187.03000000,100760.00000000,101074.68000000,300.55759000,1734213599999,30374899.50750990,130683,138.51820000,13996726.63589030,0
2024-12-14 22:00:00,101074.68000000,101259.25000000,100895.53000000,101117.63000000,292.13848000,1734217199999,29533857.14338180,66548,122.70645000,12405176.26564310,0
2024-12-14 23:00:00,101117.64000000,101499.08000000,101045.45000000,101420.00000000,315.18337000,1734220799999,31928607.92559860,73768,173.87141000,17615470.87719210,0
2024-12-15 00:00:00,101420.00000000,101558.83000000,101237.14000000,101442.42000000,313.78863000,1734224399999,31821967.96254630,90291,172.45487000,17489486.06952790,0
2024-12-15 01:00:00,101442.41000000,102196.97000000,101424.01000000,102134.48000000,1458.80477000,1734227999999,148552826.73662790,169708,1158.89112000,118011852.72975210,0
2024-12-15 02:00:00,102134.48000000,102155.28000000,101775.88000000,101831.15000000,728.33298000,1734231599999,74248268.61891100,109789,490.38163000,49992151.98445820,0
2024-12-15 03:00:00,101831.16000000,101931.73000000,101722.31000000,101733.82000000,216.32352000,1734235199999,22025179.83352280,80811,93.64090000,9534840.24879100,0
2024-12-15 04:00:00,101733.83000000,102850.00000000,101733.82000000,102366.17000000,1788.48948000,1734238799999,183308143.98662470,263775,1062.94569000,108913010.31445750,0
2024-12-15 05:00:00,102366.17000000,102511.81000000,102107.92000000,102159.29000000,485.39491000,1734242399999,49677047.03931700,118362,243.18500000,24891281.31949000,0
2024-12-15 06:00:00,102159.29000000,102169.90000000,101759.80000000,101759.80000000,417.41142000,1734245999999,42570715.47832540,84868,174.13162000,17759581.50320230,0
2024-12-15 07:00:00,101759.81000000,101941.18000000,101534.01000000,101732.09000000,399.71077000,1734249599999,40664507.81431400,131861,184.07153000,18729164.43538500,0
2024-12-15 08:00:00,101732.09000000,102015.16000000,101581.07000000,102015.15000000,434.85636000,1734253199999,44273021.24998730,106043,220.75894000,22480108.55833760,0
2024-12-15 09:00:00,102015.15000000,102270.95000000,101919.60000000,102264.34000000,361.99787000,1734256799999,36962634.77360110,95630,199.75797000,20397599.97396800,0
2024-12-15 10:00:00,102264.34000000,102450.22000000,102147.58000000,102280.00000000,390.62989000,1734260399999,39959802.20535690,85248,205.88647000,21061899.55673290,0
2024-12-15 11:00:00,102280.01000000,102691.01000000,102228.01000000,102671.44000000,613.11003000,1734263999999,62839380.01083670,92966,359.24093000,36818474.26469240,0
2024-12-15 12:00:00,102671.44000000,103359.97000000,102533.33000000,102946.54000000,2308.19851000,1734267599999,237651925.44719550,284170,1282.01445000,132004734.08093220,0
2024-12-15 13:00:00,102946.55000000,102987.43000000,102473.01000000,102784.65000000,917.26646000,1734271199999,94218504.07317320,167702,485.34628000,49852473.26999830,0
2024-12-15 14:00:00,102784.65000000,103061.88000000,102622.99000000,102994.37000000,988.69088000,1734274799999,101684643.77042200,156248,388.19025000,39932090.15658080,0
2024-12-15 15:00:00,102994.37000000,103039.99000000,102704.00000000,102704.01000000,704.04111000,1734278399999,72435452.33998170,124570,351.57770000,36171713.07142590,0
2024-12-15 16:00:00,102704.00000000,103490.00000000,102583.65000000,103127.08000000,1092.30198000,1734281999999,112655562.88244170,199728,594.65455000,61337429.78909230,0
2024-12-15 17:00:00,103127.08000000,103368.19000000,102978.93000000,103164.00000000,493.45924000,1734285599999,50894263.28351160,117587,262.72031000,27097311.18718110,0
2024-12-15 18:00:00,103164.01000000,103358.89000000,102984.58000000,103204.00000000,381.55820000,1734289199999,39366997.88578420,88268,198.60726000,20491735.61366520,0
2024-12-15 19:00:00,103203.99000000,103455.00000000,103178.47000000,103252.95000000,474.60080000,1734292799999,49038507.88545620,82686,250.30984000,25864057.68888660,0
2024-12-15 20:00:00,103252.96000000,103404.16000000,103066.67000000,103144.83000000,421.52166000,1734296399999,43502469.67193840,76996,196.28442000,20257484.53638000,0
2024-12-15 21:00:00,103144.83000000,103197.67000000,102634.25000000,102859.06000000,733.51731000,1734299999999,75468583.28076820,179016,295.75667000,30425236.40408460,0
2024-12-15 22:00:00,102859.05000000,103385.80000000,102621.50000000,103277.32000000,752.53486000,1734303599999,77561535.61532690,140376,432.35586000,44573051.48314260,0
2024-12-15 23:00:00,103277.31000000,105250.00000000,103246.07000000,104463.99000000,5352.38013500,1734307199999,559080961.98982050,592110,3365.73009500,351524680.05993300,0
2024-12-16 00:00:00,104463.99000000,106648.00000000,104324.50000000,105444.95000000,4439.21432600,1734310799999,469323806.39901463,665067,2375.59817600,251126208.47399353,0
2024-12-16 01:00:00,105444.95000000,105591.58000000,104979.39000000,105531.99000000,1469.85302000,1734314399999,154795862.30469690,315847,796.03116000,83843760.97211530,0
2024-12-16 02:00:00,105532.00000000,105640.00000000,104446.28000000,104585.32000000,1719.94162000,1734317999999,180418056.85582880,314208,756.82963000,79390105.93200080,0
2024-12-16 03:00:00,104585.32000000,105000.00000000,104259.48000000,104582.28000000,1174.83928000,1734321599999,122995782.43535620,286032,589.40529000,61703555.41612920,0
2024-12-16 04:00:00,104582.28000000,104805.22000000,104469.89000000,104686.15000000,650.79766000,1734325199999,68111433.69245470,176590,283.05988000,29623269.77181410,0
2024-12-16 05:00:00,104686.15000000,105064.00000000,104482.46000000,105028.00000000,781.51923000,1734328799999,81943633.54227840,156481,380.54175000,39895584.10061040,0
2024-12-16 06:00:00,105028.01000000,105373.76000000,104956.00000000,105149.98000000,971.06116000,1734332399999,102124805.79901960,153743,482.49641000,50742588.25468200,0
2024-12-16 07:00:00,105149.98000000,105420.76000000,104900.00000000,104992.79000000,679.89461000,1734335999999,71517442.67053880,139665,323.13158000,33993444.95636820,0
2024-12-16 08:00:00,104992.79000000,105016.85000000,104505.22000000,104535.44000000,713.40126000,1734339599999,74735050.95579400,181289,261.78683000,27428198.99937640,0
2024-12-16 09:00:00,104535.44000000,104942.48000000,104500.46000000,104676.72000000,767.27443000,1734343199999,80347891.94572430,197656,348.17808000,36458035.77950180,0
2024-12-16 10:00:00,104676.73000000,104722.10000000,104350.01000000,104684.99000000,993.28252000,1734346799999,103835431.40685000,175314,429.52933000,44915165.46203010,0
2024-12-16 11:00:00,104684.98000000,104836.36000000,103625.78000000,103757.99000000,1498.30185000,1734350399999,156096269.86842550,262551,542.27718000,56505224.03838800,0
2024-12-16 12:00:00,103758.00000000,104145.90000000,103333.00000000,103656.02000000,1555.92886000,1734353999999,161526689.52907150,365813,759.31327000,78828475.41463930,0
2024-12-16 13:00:00,103656.02000000,104138.99000000,103484.51000000,103908.02000000,1256.73983000,1734357599999,130561966.26238630,281981,712.75697000,74034037.96187990,0
2024-12-16 14:00:00,103908.03000000,106000.00000000,103879.25000000,105487.00000000,3025.52605000,1734361199999,317973512.26479360,581614,1669.21489000,175362048.34790430,0
2024-12-16 15:00:00,105487.01000000,106499.99000000,105253.46000000,106332.01000000,3451.11467000,1734364799999,366169058.66691990,771080,1697.25620000,180070272.42717960,0
2024-12-16 16:00:00,106332.00000000,107195.58000000,106140.00000000,106824.95000000,3224.84045800,1734368399999,344115642.74388458,717643,1736.81283800,185351319.53837338,0
2024-12-16 17:00:00,106824.94000000,107195.00000000,106693.26000000,107078.55000000,2075.56347000,1734371999999,221991155.78690150,430635,1001.01040000,107068941.81492430,0
2024-12-16 18:00:00,107078.55000000,107793.07000000,106882.47000000,107078.60000000,3417.43628600,1734375599999,366922297.74751990,422891,1508.42199600,161973498.10412340,0
2024-12-16 19:00:00,107078.60000000,107078.61000000,105797.41000000,106583.12000000,3277.26405000,1734379199999,348474555.54444030,504363,1467.97832000,156038527.33628730,0
2024-12-16 20:00:00,106583.13000000,106648.48000000,105762.56000000,105808.36000000,1901.28728000,1734382799999,201913869.21340740,392756,974.94422000,103537426.28216860,0
2024-12-16 21:00:00,105808.36000000,106274.90000000,105688.93000000,106057.77000000,880.58820000,1734386399999,93277750.14973860,218774,528.03755000,55931204.97650020,0
2024-12-16 22:00:00,106057.78000000,106301.59000000,105950.00000000,105950.00000000,408.30388000,1734389999999,43316112.85049980,78695,226.46583000,24026748.96089680,0
